type_id,title,currency,category,composition,year_range,expected_years,excluded_years,source_url,image_url,obv_url,rev_url,source_method,notes
16042,10 Centavos 0.5 on obverse; silver .500,Peso ( 1835-1959 ),Standard circulation coins,Silver (.500),1900-1907,1900;1901;1904;1906;1907,,https://en.numista.com/16042,https://en.numista.com/catalogue/photos/chili/65d2bb61620ff9.63629259-360.jpg,https://en.numista.com/catalogue/photos/chili/65d2bb61620ff9.63629259-360.jpg,https://en.numista.com/catalogue/photos/chili/65d2bb61b475d1.53521248-360.jpg,page_cache,"Expected years parsed from individual Numista type page date table; proof-only rows excluded; gold types excluded. If a year has normal and proof rows, the year is kept."
16044,20 Centavos 0.5 on obverse; silver .500,Peso ( 1835-1959 ),Standard circulation coins,Silver (.500),1900-1907,1900;1906;1907,,https://en.numista.com/16044,https://en.numista.com/catalogue/photos/chili/1544-360.jpg,https://en.numista.com/catalogue/photos/chili/1544-360.jpg,https://en.numista.com/catalogue/photos/chili/1545-360.jpg,page_cache,"Expected years parsed from individual Numista type page date table; proof-only rows excluded; gold types excluded. If a year has normal and proof rows, the year is kept."
16034,5 Centavos,Peso ( 1835-1959 ),Standard circulation coins,Silver (.500),1901-1907,1901;1904;1906;1907,,https://en.numista.com/16034,https://en.numista.com/catalogue/photos/chili/6986296124ed34.01777787-360.jpg,https://en.numista.com/catalogue/photos/chili/6986296124ed34.01777787-360.jpg,https://en.numista.com/catalogue/photos/chili/6986296235cd01.08033334-360.jpg,page_cache,"Expected years parsed from individual Numista type page date table; proof-only rows excluded; gold types excluded. If a year has normal and proof rows, the year is kept."
23449,1 Peso,Peso ( 1835-1959 ),Standard circulation coins,Silver (.700),1902-1905,1902;1903;1905,,https://en.numista.com/23449,https://en.numista.com/catalogue/photos/chili/6650cbc85f4cc4.15489348-360.jpg,https://en.numista.com/catalogue/photos/chili/6650cbc85f4cc4.15489348-360.jpg,https://en.numista.com/catalogue/photos/chili/6650cbcca2b516.67442698-360.jpg,page_cache,"Expected years parsed from individual Numista type page date table; proof-only rows excluded; gold types excluded. If a year has normal and proof rows, the year is kept."
10890,50 Centavos,Peso ( 1835-1959 ),Standard circulation coins,Silver (.700),1902-1906,1902;1903;1905;1906,,https://en.numista.com/10890,https://en.numista.com/catalogue/photos/chili/6650c71bafe4c5.24588537-360.jpg,https://en.numista.com/catalogue/photos/chili/6650c71bafe4c5.24588537-360.jpg,https://en.numista.com/catalogue/photos/chili/6650c71f6f7018.25433953-360.jpg,page_cache,"Expected years parsed from individual Numista type page date table; proof-only rows excluded; gold types excluded. If a year has normal and proof rows, the year is kept."
22018,1 Centavo,Peso ( 1835-1959 ),Standard circulation coins,Copper,1904-1919,1904;1908;1919,,https://en.numista.com/22018,https://en.numista.com/catalogue/photos/chili/63443cba602267.81034514-360.jpg,https://en.numista.com/catalogue/photos/chili/63443cba602267.81034514-360.jpg,https://en.numista.com/catalogue/photos/chili/63443cbc0c78d4.79830076-360.jpg,page_cache,"Expected years parsed from individual Numista type page date table; proof-only rows excluded; gold types excluded. If a year has normal and proof rows, the year is kept."
9708,2½ Centavos,Peso ( 1835-1959 ),Standard circulation coins,Copper,1904-1908,1904;1906;1907;1908,,https://en.numista.com/9708,https://en.numista.com/catalogue/photos/chili/1331-360.jpg,https://en.numista.com/catalogue/photos/chili/1331-360.jpg,https://en.numista.com/catalogue/photos/chili/1332-360.jpg,page_cache,"Expected years parsed from individual Numista type page date table; proof-only rows excluded; gold types excluded. If a year has normal and proof rows, the year is kept."
6920,20 Centavos No number on obverse; billon .400,Peso ( 1835-1959 ),Standard circulation coins,Billon (.400 silver),1907-1920,1907;1908;1909;1913;1919;1920,,https://en.numista.com/6920,https://en.numista.com/catalogue/photos/chili/1546-360.jpg,https://en.numista.com/catalogue/photos/chili/1546-360.jpg,https://en.numista.com/catalogue/photos/chili/1547-360.jpg,page_cache,"Expected years parsed from individual Numista type page date table; proof-only rows excluded; gold types excluded. If a year has normal and proof rows, the year is kept."
18999,40 Centavos,Peso ( 1835-1959 ),Standard circulation coins,Billon (.400 silver),1907-1908,1907;1908,,https://en.numista.com/18999,https://en.numista.com/catalogue/photos/chili/1596-360.jpg,https://en.numista.com/catalogue/photos/chili/1596-360.jpg,https://en.numista.com/catalogue/photos/chili/1597-360.jpg,page_cache,"Expected years parsed from individual Numista type page date table; proof-only rows excluded; gold types excluded. If a year has normal and proof rows, the year is kept."
16045,10 Centavos No number on obverse; billon .400,Peso ( 1835-1959 ),Standard circulation coins,Billon (.400 silver),1908-1920,1908;1909;1913;1919;1920,,https://en.numista.com/16045,https://en.numista.com/catalogue/photos/chili/66346ab2f0f485.10332321-360.jpg,https://en.numista.com/catalogue/photos/chili/66346ab2f0f485.10332321-360.jpg,https://en.numista.com/catalogue/photos/chili/66346ab38e0f45.99010362-360.jpg,page_cache,"Expected years parsed from individual Numista type page date table; proof-only rows excluded; gold types excluded. If a year has normal and proof rows, the year is kept."
9378,5 Centavos,Peso ( 1835-1959 ),Standard circulation coins,Billon (.400 silver),1908-1919,1908;1909;1910;1911;1913;1919,,https://en.numista.com/9378,https://en.numista.com/catalogue/photos/chili/698629780ab7f9.89089386-360.jpg,https://en.numista.com/catalogue/photos/chili/698629780ab7f9.89089386-360.jpg,https://en.numista.com/catalogue/photos/chili/6986297a3ce8f9.61058768-360.jpg,page_cache,"Expected years parsed from individual Numista type page date table; proof-only rows excluded; gold types excluded. If a year has normal and proof rows, the year is kept."
23448,1 Peso,Peso ( 1835-1959 ),Standard circulation coins,Silver (.900),1910,1910,,https://en.numista.com/23448,https://en.numista.com/catalogue/photos/chili/1567-360.jpg,https://en.numista.com/catalogue/photos/chili/1567-360.jpg,https://en.numista.com/catalogue/photos/chili/1568-360.jpg,page_cache,"Expected years parsed from individual Numista type page date table; proof-only rows excluded; gold types excluded. If a year has normal and proof rows, the year is kept."
22527,1 Peso,Peso ( 1835-1959 ),Standard circulation coins,Silver (.720),1915-1917,1915;1917,,https://en.numista.com/22527,https://en.numista.com/catalogue/photos/chili/1569-360.jpg,https://en.numista.com/catalogue/photos/chili/1569-360.jpg,https://en.numista.com/catalogue/photos/chili/1570-360.jpg,page_cache,"Expected years parsed from individual Numista type page date table; proof-only rows excluded; gold types excluded. If a year has normal and proof rows, the year is kept."
25176,10 Centavos 0.45 on obverse; billon .450,Peso ( 1835-1959 ),Standard circulation coins,Billon (.450 silver),1915-1918,1915;1916;1917;1918,,https://en.numista.com/25176,https://en.numista.com/catalogue/photos/chili/634c5c12030331.12704292-360.jpg,https://en.numista.com/catalogue/photos/chili/634c5c12030331.12704292-360.jpg,https://en.numista.com/catalogue/photos/chili/634c5c123c0491.73227103-360.jpg,page_cache,"Expected years parsed from individual Numista type page date table; proof-only rows excluded; gold types excluded. If a year has normal and proof rows, the year is kept."
15864,5 Centavos,Peso ( 1835-1959 ),Standard circulation coins,Billon (.450 silver),1915-1919,1915;1916;1919,,https://en.numista.com/15864,https://en.numista.com/catalogue/photos/chili/63c314f51215d3.62566653-360.jpg,https://en.numista.com/catalogue/photos/chili/63c314f51215d3.62566653-360.jpg,https://en.numista.com/catalogue/photos/chili/63c314f5823aa7.91210115-360.jpg,page_cache,"Expected years parsed from individual Numista type page date table; proof-only rows excluded; gold types excluded. If a year has normal and proof rows, the year is kept."
16106,20 Centavos 0.45 on obverse; billon .450,Peso ( 1835-1959 ),Standard circulation coins,Billon (.450 silver),1916,1916,,https://en.numista.com/16106,https://en.numista.com/catalogue/photos/chili/1548-360.jpg,https://en.numista.com/catalogue/photos/chili/1548-360.jpg,https://en.numista.com/catalogue/photos/chili/1549-360.jpg,page_cache,"Expected years parsed from individual Numista type page date table; proof-only rows excluded; gold types excluded. If a year has normal and proof rows, the year is kept."
26062,2 Centavos,Peso ( 1835-1959 ),Standard circulation coins,Copper,1919,1919,,https://en.numista.com/26062,https://en.numista.com/catalogue/photos/chili/664be4f530fa19.79227124-360.jpg,https://en.numista.com/catalogue/photos/chili/664be4f530fa19.79227124-360.jpg,https://en.numista.com/catalogue/photos/chili/664be4f6b66375.13523754-360.jpg,page_cache,"Expected years parsed from individual Numista type page date table; proof-only rows excluded; gold types excluded. If a year has normal and proof rows, the year is kept."
6808,20 Centavos,Peso ( 1835-1959 ),Standard circulation coins,Copper-nickel,1919-1941,1919;1920;1921;1922;1923;1924;1925;1929;1932;1933;1937;1938;1939;1940;1941,,https://en.numista.com/6808,https://en.numista.com/catalogue/photos/chili/1550-360.jpg,https://en.numista.com/catalogue/photos/chili/1550-360.jpg,https://en.numista.com/catalogue/photos/chili/1551-360.jpg,page_cache,"Expected years parsed from individual Numista type page date table; proof-only rows excluded; gold types excluded. If a year has normal and proof rows, the year is kept."
4054,10 Centavos,Peso ( 1835-1959 ),Standard circulation coins,Copper-nickel,1920-1941,1920;1921;1922;1923;1924;1925;1927;1928;1932;1933;1934;1935;1936;1937;1938;1939;1940;1941,,https://en.numista.com/4054,https://en.numista.com/catalogue/photos/chili/641a4bb586bb22.57061211-360.jpg,https://en.numista.com/catalogue/photos/chili/641a4bb586bb22.57061211-360.jpg,https://en.numista.com/catalogue/photos/chili/641a4bb61f2cc0.54796719-360.jpg,page_cache,"Expected years parsed from individual Numista type page date table; proof-only rows excluded; gold types excluded. If a year has normal and proof rows, the year is kept."
6921,5 Centavos,Peso ( 1835-1959 ),Standard circulation coins,Copper-nickel,1920-1938,1920;1921;1922;1923;1925;1926;1927;1928;1933;1934;1936;1937;1938,,https://en.numista.com/6921,https://en.numista.com/catalogue/photos/chili/69891fdfb7de93.50095965-360.jpg,https://en.numista.com/catalogue/photos/chili/69891fdfb7de93.50095965-360.jpg,https://en.numista.com/catalogue/photos/chili/69891fe0ea1828.40718363-360.jpg,page_cache,"Expected years parsed from individual Numista type page date table; proof-only rows excluded; gold types excluded. If a year has normal and proof rows, the year is kept."
14504,1 Peso coin alignment,Peso ( 1835-1959 ),Standard circulation coins,Silver (.500),1921-1922,1921;1922,,https://en.numista.com/14504,https://en.numista.com/catalogue/photos/chili/1571-360.jpg,https://en.numista.com/catalogue/photos/chili/1571-360.jpg,https://en.numista.com/catalogue/photos/chili/1572-360.jpg,page_cache,"Expected years parsed from individual Numista type page date table; proof-only rows excluded; gold types excluded. If a year has normal and proof rows, the year is kept."
14505,1 Peso medal alignment,Peso ( 1835-1959 ),Standard circulation coins,Silver (.500),1924-1925,1924;1925,,https://en.numista.com/14505,https://en.numista.com/catalogue/photos/chili/1614-360.jpg,https://en.numista.com/catalogue/photos/chili/1614-360.jpg,https://en.numista.com/catalogue/photos/chili/1615-360.jpg,page_cache,"Expected years parsed from individual Numista type page date table; proof-only rows excluded; gold types excluded. If a year has normal and proof rows, the year is kept."
15945,1 Peso,Peso ( 1835-1959 ),Standard circulation coins,Silver (.500),1927,1927,,https://en.numista.com/15945,https://en.numista.com/catalogue/photos/chili/5f50085b958404.26226496-360.jpg,https://en.numista.com/catalogue/photos/chili/5f50085b958404.26226496-360.jpg,https://en.numista.com/catalogue/photos/chili/5f50085be4ff72.93186909-360.jpg,page_cache,"Expected years parsed from individual Numista type page date table; proof-only rows excluded; gold types excluded. If a year has normal and proof rows, the year is kept."
19354,2 Pesos,Peso ( 1835-1959 ),Standard circulation coins,Silver (.500),1927,1927,,https://en.numista.com/19354,https://en.numista.com/catalogue/photos/chili/1574-360.jpg,https://en.numista.com/catalogue/photos/chili/1574-360.jpg,https://en.numista.com/catalogue/photos/chili/1575-360.jpg,page_cache,"Expected years parsed from individual Numista type page date table; proof-only rows excluded; gold types excluded. If a year has normal and proof rows, the year is kept."
30902,5 Pesos,Peso ( 1835-1959 ),Standard circulation coins,Silver (.900),1927,1927,,https://en.numista.com/30902,https://en.numista.com/catalogue/photos/chili/558-360.jpg,https://en.numista.com/catalogue/photos/chili/558-360.jpg,https://en.numista.com/catalogue/photos/chili/559-360.jpg,page_cache,"Expected years parsed from individual Numista type page date table; proof-only rows excluded; gold types excluded. If a year has normal and proof rows, the year is kept."
14503,1 Peso,Peso ( 1835-1959 ),Standard circulation coins,Billon (.400 silver),1932,1932,,https://en.numista.com/14503,https://en.numista.com/catalogue/photos/chili/1234-360.jpg,https://en.numista.com/catalogue/photos/chili/1234-360.jpg,https://en.numista.com/catalogue/photos/chili/1235-360.jpg,page_cache,"Expected years parsed from individual Numista type page date table; proof-only rows excluded; gold types excluded. If a year has normal and proof rows, the year is kept."
2951,1 Peso,Peso ( 1835-1959 ),Standard circulation coins,Copper-nickel,1933-1940,1933;1940,,https://en.numista.com/2951,https://en.numista.com/catalogue/photos/chili/915-360.jpg,https://en.numista.com/catalogue/photos/chili/915-360.jpg,https://en.numista.com/catalogue/photos/chili/916-360.jpg,page_cache,"Expected years parsed from individual Numista type page date table; proof-only rows excluded; gold types excluded. If a year has normal and proof rows, the year is kept."
3544,1 Peso,Peso ( 1835-1959 ),Standard circulation coins,Copper,1942-1954,1942;1943;1944;1945;1946;1947;1948;1949;1950;1951;1952;1953;1954,,https://en.numista.com/3544,https://en.numista.com/catalogue/photos/chili/698629a434c9c7.84264266-360.jpg,https://en.numista.com/catalogue/photos/chili/698629a434c9c7.84264266-360.jpg,https://en.numista.com/catalogue/photos/chili/698629a551eee7.81456695-360.jpg,page_cache,"Expected years parsed from individual Numista type page date table; proof-only rows excluded; gold types excluded. If a year has normal and proof rows, the year is kept."
3541,20 Centavos,Peso ( 1835-1959 ),Standard circulation coins,Copper,1942-1953,1942;1943;1944;1945;1946;1947;1948;1949;1950;1951;1952;1953,,https://en.numista.com/3541,https://en.numista.com/catalogue/photos/chili/1620-360.jpg,https://en.numista.com/catalogue/photos/chili/1620-360.jpg,https://en.numista.com/catalogue/photos/chili/1621-360.jpg,page_cache,"Expected years parsed from individual Numista type page date table; proof-only rows excluded; gold types excluded. If a year has normal and proof rows, the year is kept."
6910,50 Centavos,Peso ( 1835-1959 ),Standard circulation coins,Copper,1942,1942,,https://en.numista.com/6910,https://en.numista.com/catalogue/photos/chili/69862988b220c9.29750786-360.jpg,https://en.numista.com/catalogue/photos/chili/69862988b220c9.29750786-360.jpg,https://en.numista.com/catalogue/photos/chili/6986298a17fec8.60344478-360.jpg,page_cache,"Expected years parsed from individual Numista type page date table; proof-only rows excluded; gold types excluded. If a year has normal and proof rows, the year is kept."
3543,1 Peso,Peso ( 1835-1959 ),Standard circulation coins,Aluminium,1954-1958,1954;1955;1956;1957;1958,,https://en.numista.com/3543,https://en.numista.com/catalogue/photos/chili/1448-360.jpg,https://en.numista.com/catalogue/photos/chili/1448-360.jpg,https://en.numista.com/catalogue/photos/chili/1449-360.jpg,page_cache,"Expected years parsed from individual Numista type page date table; proof-only rows excluded; gold types excluded. If a year has normal and proof rows, the year is kept."
1289,10 Pesos / 1 Condor,Peso ( 1835-1959 ),Standard circulation coins,Aluminium,1956-1959,1956;1957;1958;1959,,https://en.numista.com/1289,https://en.numista.com/catalogue/photos/chili/1464-360.jpg,https://en.numista.com/catalogue/photos/chili/1464-360.jpg,https://en.numista.com/catalogue/photos/chili/1465-360.jpg,page_cache,"Expected years parsed from individual Numista type page date table; proof-only rows excluded; gold types excluded. If a year has normal and proof rows, the year is kept."
6909,5 Pesos / ½ Condor,Peso ( 1835-1959 ),Standard circulation coins,Aluminium,1956,1956,,https://en.numista.com/6909,https://en.numista.com/catalogue/photos/chili/1232-360.jpg,https://en.numista.com/catalogue/photos/chili/1232-360.jpg,https://en.numista.com/catalogue/photos/chili/1233-360.jpg,page_cache,"Expected years parsed from individual Numista type page date table; proof-only rows excluded; gold types excluded. If a year has normal and proof rows, the year is kept."
3760,1 Centésimo,Escudo ( 1960-1975 ),Standard circulation coins,Aluminium,1960-1963,1960;1961;1962;1963,,https://en.numista.com/3760,https://en.numista.com/catalogue/photos/chili/1582-360.jpg,https://en.numista.com/catalogue/photos/chili/1582-360.jpg,https://en.numista.com/catalogue/photos/chili/1583-360.jpg,page_cache,"Expected years parsed from individual Numista type page date table; proof-only rows excluded; gold types excluded. If a year has normal and proof rows, the year is kept."
2664,10 Centésimos,Escudo ( 1960-1975 ),Standard circulation coins,Aluminium bronze,1960-1970,1960;1961;1962;1963;1964;1965;1966;1967;1968;1969;1970,,https://en.numista.com/2664,https://en.numista.com/catalogue/photos/chili/1616-360.jpg,https://en.numista.com/catalogue/photos/chili/1616-360.jpg,https://en.numista.com/catalogue/photos/chili/1617-360.jpg,page_cache,"Expected years parsed from individual Numista type page date table; proof-only rows excluded; gold types excluded. If a year has normal and proof rows, the year is kept."
5399,2 Centésimos,Escudo ( 1960-1975 ),Standard circulation coins,Aluminium bronze,1960-1970,1960;1964;1965;1966;1967;1968;1969;1970,,https://en.numista.com/5399,https://en.numista.com/catalogue/photos/chili/831-360.jpg,https://en.numista.com/catalogue/photos/chili/831-360.jpg,https://en.numista.com/catalogue/photos/chili/832-360.jpg,page_cache,"Expected years parsed from individual Numista type page date table; proof-only rows excluded; gold types excluded. If a year has normal and proof rows, the year is kept."
2949,5 Centésimos,Escudo ( 1960-1975 ),Standard circulation coins,Aluminium bronze,1960-1970,1960;1961;1962;1963;1964;1965;1966;1967;1968;1969;1970,,https://en.numista.com/2949,https://en.numista.com/catalogue/photos/chili/1584-360.jpg,https://en.numista.com/catalogue/photos/chili/1584-360.jpg,https://en.numista.com/catalogue/photos/chili/1585-360.jpg,page_cache,"Expected years parsed from individual Numista type page date table; proof-only rows excluded; gold types excluded. If a year has normal and proof rows, the year is kept."
6809,½ Centésimo,Escudo ( 1960-1975 ),Standard circulation coins,Aluminium,1962-1963,1962;1963,,https://en.numista.com/6809,https://en.numista.com/catalogue/photos/chili/1580-360.jpg,https://en.numista.com/catalogue/photos/chili/1580-360.jpg,https://en.numista.com/catalogue/photos/chili/1581-360.jpg,page_cache,"Expected years parsed from individual Numista type page date table; proof-only rows excluded; gold types excluded. If a year has normal and proof rows, the year is kept."
2950,1 Escudo,Escudo ( 1960-1975 ),Standard circulation coins,Copper-nickel,1971-1972,1971;1972,,https://en.numista.com/2950,https://en.numista.com/catalogue/photos/chili/642f838a651839.46501382-360.jpg,https://en.numista.com/catalogue/photos/chili/642f838a651839.46501382-360.jpg,https://en.numista.com/catalogue/photos/chili/642f838b227dc2.47803311-360.jpg,page_cache,"Expected years parsed from individual Numista type page date table; proof-only rows excluded; gold types excluded. If a year has normal and proof rows, the year is kept."
5400,10 Centésimos,Escudo ( 1960-1975 ),Standard circulation coins,Aluminium bronze,1971,1971,,https://en.numista.com/5400,https://en.numista.com/catalogue/photos/chili/1600-360.jpg,https://en.numista.com/catalogue/photos/chili/1600-360.jpg,https://en.numista.com/catalogue/photos/chili/1601-360.jpg,page_cache,"Expected years parsed from individual Numista type page date table; proof-only rows excluded; gold types excluded. If a year has normal and proof rows, the year is kept."
4121,20 Centésimos,Escudo ( 1960-1975 ),Standard circulation coins,Aluminium bronze,1971-1972,1971;1972,,https://en.numista.com/4121,https://en.numista.com/catalogue/photos/chili/698eb9198b40c1.03935626-360.jpg,https://en.numista.com/catalogue/photos/chili/698eb9198b40c1.03935626-360.jpg,https://en.numista.com/catalogue/photos/chili/698eb91a477372.78344652-360.jpg,page_cache,"Expected years parsed from individual Numista type page date table; proof-only rows excluded; gold types excluded. If a year has normal and proof rows, the year is kept."
4330,5 Escudos,Escudo ( 1960-1975 ),Standard circulation coins,Copper-nickel,1971-1972,1971;1972,,https://en.numista.com/4330,https://en.numista.com/catalogue/photos/chili/1606-360.jpg,https://en.numista.com/catalogue/photos/chili/1606-360.jpg,https://en.numista.com/catalogue/photos/chili/1607-360.jpg,page_cache,"Expected years parsed from individual Numista type page date table; proof-only rows excluded; gold types excluded. If a year has normal and proof rows, the year is kept."
5398,50 Centésimos,Escudo ( 1960-1975 ),Standard circulation coins,Aluminium bronze,1971,1971,,https://en.numista.com/5398,https://en.numista.com/catalogue/photos/chili/1602-360.jpg,https://en.numista.com/catalogue/photos/chili/1602-360.jpg,https://en.numista.com/catalogue/photos/chili/1603-360.jpg,page_cache,"Expected years parsed from individual Numista type page date table; proof-only rows excluded; gold types excluded. If a year has normal and proof rows, the year is kept."
6810,5 Escudos,Escudo ( 1960-1975 ),Standard circulation coins,Aluminium,1972,1972,,https://en.numista.com/6810,https://en.numista.com/catalogue/photos/chili/1608-360.jpg,https://en.numista.com/catalogue/photos/chili/1608-360.jpg,https://en.numista.com/catalogue/photos/chili/1609-360.jpg,page_cache,"Expected years parsed from individual Numista type page date table; proof-only rows excluded; gold types excluded. If a year has normal and proof rows, the year is kept."
1007,10 Escudos,Escudo ( 1960-1975 ),Standard circulation coins,Aluminium,1974,1974,,https://en.numista.com/1007,https://en.numista.com/catalogue/photos/chili/62be20178c3009.27399751-360.jpg,https://en.numista.com/catalogue/photos/chili/62be20178c3009.27399751-360.jpg,https://en.numista.com/catalogue/photos/chili/62be2017ef9fd5.20446557-360.jpg,page_cache,"Expected years parsed from individual Numista type page date table; proof-only rows excluded; gold types excluded. If a year has normal and proof rows, the year is kept."
5401,100 Escudos,Escudo ( 1960-1975 ),Standard circulation coins,Nickel brass,1974-1975,1974;1975,,https://en.numista.com/5401,https://en.numista.com/catalogue/photos/chili/63d4e68ee5f6a4.72969612-360.jpg,https://en.numista.com/catalogue/photos/chili/63d4e68ee5f6a4.72969612-360.jpg,https://en.numista.com/catalogue/photos/chili/63d4e68f4c1ba9.28264813-360.jpg,page_cache,"Expected years parsed from individual Numista type page date table; proof-only rows excluded; gold types excluded. If a year has normal and proof rows, the year is kept."
6881,50 Escudos,Escudo ( 1960-1975 ),Standard circulation coins,Nickel brass,1974-1975,1974;1975,,https://en.numista.com/6881,https://en.numista.com/catalogue/photos/chili/63d4e58d82ff23.18356406-360.jpg,https://en.numista.com/catalogue/photos/chili/63d4e58d82ff23.18356406-360.jpg,https://en.numista.com/catalogue/photos/chili/63d4e58dea97c6.15694393-360.jpg,page_cache,"Expected years parsed from individual Numista type page date table; proof-only rows excluded; gold types excluded. If a year has normal and proof rows, the year is kept."
3540,1 Centavo,Peso ( 1975-date ),Standard circulation coins,Aluminium,1975,1975,,https://en.numista.com/3540,https://en.numista.com/catalogue/photos/chili/995-360.jpg,https://en.numista.com/catalogue/photos/chili/995-360.jpg,https://en.numista.com/catalogue/photos/chili/996-360.jpg,page_cache,"Expected years parsed from individual Numista type page date table; proof-only rows excluded; gold types excluded. If a year has normal and proof rows, the year is kept."
6815,"1 Peso ""BERNARDO O'HIGGINS""",Peso ( 1975-date ),Standard circulation coins,Copper-nickel,1975,1975,,https://en.numista.com/6815,https://en.numista.com/catalogue/photos/chili/1003-360.jpg,https://en.numista.com/catalogue/photos/chili/1003-360.jpg,https://en.numista.com/catalogue/photos/chili/1004-360.jpg,page_cache,"Expected years parsed from individual Numista type page date table; proof-only rows excluded; gold types excluded. If a year has normal and proof rows, the year is kept."
6813,10 Centavos,Peso ( 1975-date ),Standard circulation coins,Aluminium bronze,1975-1976,1975;1976,,https://en.numista.com/6813,https://en.numista.com/catalogue/photos/chili/999-360.jpg,https://en.numista.com/catalogue/photos/chili/999-360.jpg,https://en.numista.com/catalogue/photos/chili/1000-360.jpg,page_cache,"Expected years parsed from individual Numista type page date table; proof-only rows excluded; gold types excluded. If a year has normal and proof rows, the year is kept."
6812,5 Centavos,Peso ( 1975-date ),Standard circulation coins,Aluminium bronze,1975-1976,1975;1976,,https://en.numista.com/6812,https://en.numista.com/catalogue/photos/chili/5f5ba1378583e6.13950325-360.jpg,https://en.numista.com/catalogue/photos/chili/5f5ba1378583e6.13950325-360.jpg,https://en.numista.com/catalogue/photos/chili/5f5ba13810f825.51499377-360.jpg,page_cache,"Expected years parsed from individual Numista type page date table; proof-only rows excluded; gold types excluded. If a year has normal and proof rows, the year is kept."
1032,50 Centavos,Peso ( 1975-date ),Standard circulation coins,Nickel brass (70% Copper; 15% Nickel; 15% Zinc),1975-1977,1975;1976;1977,,https://en.numista.com/1032,https://en.numista.com/catalogue/photos/chili/1645-360.jpg,https://en.numista.com/catalogue/photos/chili/1645-360.jpg,https://en.numista.com/catalogue/photos/chili/1646-360.jpg,page_cache,"Expected years parsed from individual Numista type page date table; proof-only rows excluded; gold types excluded. If a year has normal and proof rows, the year is kept."
2301,"1 Peso ""LIBERTADOR B. O'HIGGINS""",Peso ( 1975-date ),Standard circulation coins,Nickel brass (70% Copper; 15% Nickel; 15% Zinc),1976-1977,1976;1977,,https://en.numista.com/2301,https://en.numista.com/catalogue/photos/chili/1005-360.jpg,https://en.numista.com/catalogue/photos/chili/1005-360.jpg,https://en.numista.com/catalogue/photos/chili/1006-360.jpg,page_cache,"Expected years parsed from individual Numista type page date table; proof-only rows excluded; gold types excluded. If a year has normal and proof rows, the year is kept."
6814,10 Centavos,Peso ( 1975-date ),Standard circulation coins,Aluminium (99.5% Aluminium),1976-1979,1976;1977;1978;1979,,https://en.numista.com/6814,https://en.numista.com/catalogue/photos/chili/963-360.jpg,https://en.numista.com/catalogue/photos/chili/963-360.jpg,https://en.numista.com/catalogue/photos/chili/964-360.jpg,page_cache,"Expected years parsed from individual Numista type page date table; proof-only rows excluded; gold types excluded. If a year has normal and proof rows, the year is kept."
2689,10 Pesos,Peso ( 1975-date ),Standard circulation coins,Nickel brass (70% Copper; 15% Nickel; 15% Zinc),1976-1980,1976;1977;1978;1979;1980,,https://en.numista.com/2689,https://en.numista.com/catalogue/photos/chili/1117-360.jpg,https://en.numista.com/catalogue/photos/chili/1117-360.jpg,https://en.numista.com/catalogue/photos/chili/1118-360.jpg,page_cache,"Expected years parsed from individual Numista type page date table; proof-only rows excluded; gold types excluded. If a year has normal and proof rows, the year is kept."
5999,5 Centavos,Peso ( 1975-date ),Standard circulation coins,Aluminium,1976,1976,,https://en.numista.com/5999,https://en.numista.com/catalogue/photos/chili/997-360.jpg,https://en.numista.com/catalogue/photos/chili/997-360.jpg,https://en.numista.com/catalogue/photos/chili/998-360.jpg,page_cache,"Expected years parsed from individual Numista type page date table; proof-only rows excluded; gold types excluded. If a year has normal and proof rows, the year is kept."
988,5 Pesos,Peso ( 1975-date ),Standard circulation coins,Nickel brass (70% Copper; 15% Nickel; 15% Zinc),1976-1980,1976;1977;1978;1980,,https://en.numista.com/988,https://en.numista.com/catalogue/photos/chili/1013-360.jpg,https://en.numista.com/catalogue/photos/chili/1013-360.jpg,https://en.numista.com/catalogue/photos/chili/1014-360.jpg,page_cache,"Expected years parsed from individual Numista type page date table; proof-only rows excluded; gold types excluded. If a year has normal and proof rows, the year is kept."
2844,1 Peso large issue,Peso ( 1975-date ),Standard circulation coins,"Aluminium bronze (92% Copper, 6% Aluminium, 2% Nickel)",1978-1979,1978;1979,,https://en.numista.com/2844,https://en.numista.com/catalogue/photos/chili/1007-360.jpg,https://en.numista.com/catalogue/photos/chili/1007-360.jpg,https://en.numista.com/catalogue/photos/chili/1008-360.jpg,page_cache,"Expected years parsed from individual Numista type page date table; proof-only rows excluded; gold types excluded. If a year has normal and proof rows, the year is kept."
6919,50 Centavos,Peso ( 1975-date ),Standard circulation coins,"Aluminium bronze (92% Copper, 6% Aluminium, 2% Nickel)",1978-1979,1978;1979,,https://en.numista.com/6919,https://en.numista.com/catalogue/photos/chili/1001-360.jpg,https://en.numista.com/catalogue/photos/chili/1001-360.jpg,https://en.numista.com/catalogue/photos/chili/1002-360.jpg,page_cache,"Expected years parsed from individual Numista type page date table; proof-only rows excluded; gold types excluded. If a year has normal and proof rows, the year is kept."
5426,1 Peso small issue,Peso ( 1975-date ),Standard circulation coins,"Aluminium bronze (92% Copper, 2% Aluminium, 6% Nickel)",1981-1992,1981;1984;1985;1986;1987;1988;1989;1990;1991;1992,,https://en.numista.com/5426,https://en.numista.com/catalogue/photos/chili/1009-360.jpg,https://en.numista.com/catalogue/photos/chili/1009-360.jpg,https://en.numista.com/catalogue/photos/chili/1010-360.jpg,page_cache,"Expected years parsed from individual Numista type page date table; proof-only rows excluded; gold types excluded. If a year has normal and proof rows, the year is kept."
2842,10 Pesos,Peso ( 1975-date ),Standard circulation coins,Nickel brass,1981-1990,1981;1982;1984;1985;1986;1987;1988;1989;1990,,https://en.numista.com/2842,https://en.numista.com/catalogue/photos/chili/1661-360.jpg,https://en.numista.com/catalogue/photos/chili/1661-360.jpg,https://en.numista.com/catalogue/photos/chili/1662-360.jpg,page_cache,"Expected years parsed from individual Numista type page date table; proof-only rows excluded; gold types excluded. If a year has normal and proof rows, the year is kept."
2302,100 Pesos,Peso ( 1975-date ),Standard circulation coins,"Aluminium bronze (92% Copper, 6% Nickel, 2% Aluminium)",1981-2000,1981;1984;1985;1986;1987;1989;1991;1992;1993;1994;1995;1996;1997;1998;1999;2000,,https://en.numista.com/2302,https://en.numista.com/catalogue/photos/chili/902-360.jpg,https://en.numista.com/catalogue/photos/chili/902-360.jpg,https://en.numista.com/catalogue/photos/chili/903-360.jpg,page_cache,"Expected years parsed from individual Numista type page date table; proof-only rows excluded; gold types excluded. If a year has normal and proof rows, the year is kept."
3761,5 Pesos,Peso ( 1975-date ),Standard circulation coins,Nickel brass,1981-1990,1981;1982;1984;1985;1986;1987;1988;1989;1990,,https://en.numista.com/3761,https://en.numista.com/catalogue/photos/chili/1015-360.jpg,https://en.numista.com/catalogue/photos/chili/1015-360.jpg,https://en.numista.com/catalogue/photos/chili/1016-360.jpg,page_cache,"Expected years parsed from individual Numista type page date table; proof-only rows excluded; gold types excluded. If a year has normal and proof rows, the year is kept."
2834,50 Pesos,Peso ( 1975-date ),Standard circulation coins,"Aluminium-nickel bronze (92% Copper, 6% Nickel, 2% Aluminium)",1981-2024,1981;1982;1985;1986;1987;1988;1989;1991;1992;1993;1994;1995;1996;1997;1998;1999;2000;2001;2002;2005;2006;2007;2008;2009;2010;2011;2012;2013;2014;2015;2016;2017;2018;2019;2021;2022;2023;2024,,https://en.numista.com/2834,https://en.numista.com/catalogue/photos/chili/1701-360.jpg,https://en.numista.com/catalogue/photos/chili/1701-360.jpg,https://en.numista.com/catalogue/photos/chili/1702-360.jpg,page_cache,"Expected years parsed from individual Numista type page date table; proof-only rows excluded; gold types excluded. If a year has normal and proof rows, the year is kept."
2756,10 Pesos,Peso ( 1975-date ),Standard circulation coins,"Aluminium-nickel bronze (92% Copper, 6% Aluminium, 2% Nickel)",1990-2026,1990;1991;1992;1993;1994;1995;1996;1997;1998;1999;2000;2002;2003;2004;2005;2006;2007;2008;2009;2010;2011;2012;2013;2014;2015;2016;2017;2019;2020;2021;2022;2023;2026,,https://en.numista.com/2756,https://en.numista.com/catalogue/photos/chili/1119-360.jpg,https://en.numista.com/catalogue/photos/chili/1119-360.jpg,https://en.numista.com/catalogue/photos/chili/1120-360.jpg,page_cache,"Expected years parsed from individual Numista type page date table; proof-only rows excluded; gold types excluded. If a year has normal and proof rows, the year is kept."
7399,5 Pesos,Peso ( 1975-date ),Standard circulation coins,Nickel brass,1990-1992,1990;1991;1992,,https://en.numista.com/7399,https://en.numista.com/catalogue/photos/chili/1115-360.jpg,https://en.numista.com/catalogue/photos/chili/1115-360.jpg,https://en.numista.com/catalogue/photos/chili/1116-360.jpg,page_cache,"Expected years parsed from individual Numista type page date table; proof-only rows excluded; gold types excluded. If a year has normal and proof rows, the year is kept."
1866,1 Peso,Peso ( 1975-date ),Standard circulation coins,"Aluminium (Aluminium 98%, Other Metals 2%)",1992-2015,1992;1993;1994;1995;1996;1997;1998;1999;2000;2001;2002;2003;2004;2005;2006;2008;2009;2011;2012;2013;2014;2015,,https://en.numista.com/1866,https://en.numista.com/catalogue/photos/chili/1011-360.jpg,https://en.numista.com/catalogue/photos/chili/1011-360.jpg,https://en.numista.com/catalogue/photos/chili/1012-360.jpg,page_cache,"Expected years parsed from individual Numista type page date table; proof-only rows excluded; gold types excluded. If a year has normal and proof rows, the year is kept."
2843,5 Pesos,Peso ( 1975-date ),Standard circulation coins,"Aluminium-nickel bronze (92% Copper, 6% Aluminium, 2% Nickel)",1992-2015,1992;1993;1994;1995;1996;1997;1998;1999;2000;2001;2002;2003;2004;2005;2006;2007;2008;2009;2010;2011;2012;2013;2014;2015,,https://en.numista.com/2843,https://en.numista.com/catalogue/photos/chili/1639-360.jpg,https://en.numista.com/catalogue/photos/chili/1639-360.jpg,https://en.numista.com/catalogue/photos/chili/1640-360.jpg,page_cache,"Expected years parsed from individual Numista type page date table; proof-only rows excluded; gold types excluded. If a year has normal and proof rows, the year is kept."
2722,500 Pesos,Peso ( 1975-date ),Standard circulation coins,"Bimetallic: aluminium bronze center in nickel brass ring (Core: 95% Copper, 5% Aluminium. Ring: 70% Copper, 15% Nickel, 15% Zinc)",2000-2023,2000;2001;2002;2003;2008;2010;2011;2012;2013;2014;2015;2016;2017;2018;2019;2021;2022;2023,,https://en.numista.com/2722,https://en.numista.com/catalogue/photos/chili/898-360.jpg,https://en.numista.com/catalogue/photos/chili/898-360.jpg,https://en.numista.com/catalogue/photos/chili/899-360.jpg,page_cache,"Expected years parsed from individual Numista type page date table; proof-only rows excluded; gold types excluded. If a year has normal and proof rows, the year is kept."
2845,100 Pesos,Peso ( 1975-date ),Standard circulation coins,"Bimetallic: nickel brass center in aluminium-nickel bronze ring (Core: 70% Copper, 15% Nickel, 15% Zinc. Ring: 92% Copper, 6% Aluminium, 2% Nickel)",2001-2026,2001;2003;2004;2005;2006;2008;2009;2010;2011;2012;2013;2014;2015;2016;2017;2018;2021;2022;2023;2026,,https://en.numista.com/2845,https://en.numista.com/catalogue/photos/chili/5e67ee0f415902.79285949-360.jpg,https://en.numista.com/catalogue/photos/chili/5e67ee0f415902.79285949-360.jpg,https://en.numista.com/catalogue/photos/chili/5e67ee0fa47558.19436004-360.jpg,page_cache,"Expected years parsed from individual Numista type page date table; proof-only rows excluded; gold types excluded. If a year has normal and proof rows, the year is kept."
474034,100 Pesos 100 Years of the Central Bank of Chile,Peso ( 1975-date ),Circulating commemorative coins,"Bimetallic: nickel brass center in aluminium-nickel bronze ring (Core: 70% Copper, 15% Nickel, 15% Zinc. Ring: 92% Copper, 6% Aluminium, 2% Nickel)",2025,2025,,https://en.numista.com/474034,https://en.numista.com/catalogue/photos/chili/685b0e586efe18.41144368-360.jpg,https://en.numista.com/catalogue/photos/chili/685b0e586efe18.41144368-360.jpg,https://en.numista.com/catalogue/photos/chili/685b0e5c74df20.90247490-360.jpg,page_cache,"Expected years parsed from individual Numista type page date table; proof-only rows excluded; gold types excluded. If a year has normal and proof rows, the year is kept."
